{
	"ambient": {
		"x": 0.10000000149011612,
		"y": 0.10000000149011612,
		"z": 0.10000000149011612
	},
	"default_material": "null",
	"main_camera": "65af1063-9312-e640-bb69-3b7a7598f6c5",
	"objects": [
		{
			"children": [],
			"components": {
				"Gameplay::Camera": {
					"clear_color": {
						"w": -431602080.0,
						"x": -431602080.0,
						"y": -431602080.0,
						"z": -431602080.0
					},
					"enabled": true,
					"far_plane": 1000.0,
					"fov_radians": 1.5707963705062866,
					"guid": "65af1063-9312-e640-bb69-3b7a7598f6c5",
					"near_plane": 0.10000000149011612,
					"ortho_enabled": false,
					"ortho_size": 10.0
				},
				"SimpleCameraControl": {
					"enabled": true,
					"guid": "19bbf3ed-d383-e741-8939-96d448e91fff",
					"mouse_sensitivity": {
						"x": 0.5,
						"y": 0.30000001192092896
					},
					"move_speed": {
						"x": 1.0,
						"y": 1.0,
						"z": 1.0
					},
					"shift_mult": 2.0
				}
			},
			"guid": "ee74b6d1-6ec7-974f-b10e-5015498fdc11",
			"hide_in_inspector": false,
			"name": "Main Camera",
			"parent": "null",
			"position": {
				"x": 0.0,
				"y": 16.479999542236328,
				"z": 6.289999961853027
			},
			"rotation": {
				"w": 0.0,
				"x": -0.0,
				"y": -0.5671928524971008,
				"z": -0.823585033416748
			},
			"scale": {
				"x": 0.800000011920929,
				"y": 0.800000011920929,
				"z": 0.800000011920929
			}
		},
		{
			"children": [
				{
					"children": [],
					"components": {
						"Light": {
							"color": {
								"x": 0.49000000953674316,
								"y": 1.0,
								"z": 0.3199999928474426
							},
							"direction": {
								"x": 0.0,
								"y": 0.0,
								"z": -1.0
							},
							"enabled": true,
							"guid": "4262c3d9-e814-664a-aa95-36178c49ca7b",
							"intensity": 250.0,
							"params": {
								"x": 0.0,
								"y": 0.0,
								"z": 0.0
							},
							"range": 5.0,
							"type": "Point"
						}
					},
					"guid": "3ed29062-45f1-cb4f-a469-33baa60a9086",
					"hide_in_inspector": false,
					"name": "Light",
					"parent": "5d59c08a-eef0-8a44-a14d-334c2013282a",
					"position": {
						"x": -0.0,
						"y": 1.0,
						"z": 40.0
					},
					"rotation": {
						"w": 1.0,
						"x": 0.0,
						"y": 0.0,
						"z": 0.0
					},
					"scale": {
						"x": 1.0,
						"y": 1.0,
						"z": 1.0
					}
				},
				{
					"children": [],
					"components": {
						"Light": {
							"color": {
								"x": 0.49000000953674316,
								"y": 1.0,
								"z": 0.3199999928474426
							},
							"direction": {
								"x": 0.0,
								"y": 0.0,
								"z": -1.0
							},
							"enabled": true,
							"guid": "e5954898-739e-da4e-9b59-bd19d7a27e69",
							"intensity": 250.0,
							"params": {
								"x": 0.0,
								"y": 0.0,
								"z": 0.0
							},
							"range": 5.0,
							"type": "Point"
						}
					},
					"guid": "50deaf58-90a8-1c4c-9b3f-bd67a30f1dfd",
					"hide_in_inspector": false,
					"name": "Light",
					"parent": "5d59c08a-eef0-8a44-a14d-334c2013282a",
					"position": {
						"x": -50.0,
						"y": 1.0,
						"z": 40.0
					},
					"rotation": {
						"w": 1.0,
						"x": 0.0,
						"y": 0.0,
						"z": 0.0
					},
					"scale": {
						"x": 1.0,
						"y": 1.0,
						"z": 1.0
					}
				},
				{
					"children": [],
					"components": {
						"Light": {
							"color": {
								"x": 0.49000000953674316,
								"y": 1.0,
								"z": 0.3199999928474426
							},
							"direction": {
								"x": 0.0,
								"y": 0.0,
								"z": -1.0
							},
							"enabled": true,
							"guid": "ef663999-1693-c240-b58c-6a9db5fd4dd3",
							"intensity": 250.0,
							"params": {
								"x": 0.0,
								"y": 0.0,
								"z": 0.0
							},
							"range": 5.0,
							"type": "Point"
						}
					},
					"guid": "d53d1da5-949b-794d-bf55-6478a6a12fd8",
					"hide_in_inspector": false,
					"name": "Light",
					"parent": "5d59c08a-eef0-8a44-a14d-334c2013282a",
					"position": {
						"x": -100.0,
						"y": 1.0,
						"z": 40.0
					},
					"rotation": {
						"w": 1.0,
						"x": 0.0,
						"y": 0.0,
						"z": 0.0
					},
					"scale": {
						"x": 1.0,
						"y": 1.0,
						"z": 1.0
					}
				},
				{
					"children": [],
					"components": {
						"Light": {
							"color": {
								"x": 0.49000000953674316,
								"y": 1.0,
								"z": 0.3199999928474426
							},
							"direction": {
								"x": 0.0,
								"y": 0.0,
								"z": -1.0
							},
							"enabled": true,
							"guid": "29cc30f0-4200-0245-8955-2c70e58eb2e1",
							"intensity": 250.0,
							"params": {
								"x": 0.0,
								"y": 0.0,
								"z": 0.0
							},
							"range": 5.0,
							"type": "Point"
						}
					},
					"guid": "7f00e62a-3a9c-e245-8c2e-39f5a8741865",
					"hide_in_inspector": false,
					"name": "Light",
					"parent": "5d59c08a-eef0-8a44-a14d-334c2013282a",
					"position": {
						"x": -150.0,
						"y": 1.0,
						"z": 40.0
					},
					"rotation": {
						"w": 1.0,
						"x": 0.0,
						"y": 0.0,
						"z": 0.0
					},
					"scale": {
						"x": 1.0,
						"y": 1.0,
						"z": 1.0
					}
				},
				{
					"children": [],
					"components": {
						"Light": {
							"color": {
								"x": 0.49000000953674316,
								"y": 1.0,
								"z": 0.3199999928474426
							},
							"direction": {
								"x": 0.0,
								"y": 0.0,
								"z": -1.0
							},
							"enabled": true,
							"guid": "40cb31de-62ba-b548-86cb-b394ca60f6c1",
							"intensity": 250.0,
							"params": {
								"x": 0.0,
								"y": 0.0,
								"z": 0.0
							},
							"range": 5.0,
							"type": "Point"
						}
					},
					"guid": "84eb4236-e6e0-ce49-a802-57a4ea111502",
					"hide_in_inspector": false,
					"name": "Light",
					"parent": "5d59c08a-eef0-8a44-a14d-334c2013282a",
					"position": {
						"x": -200.0,
						"y": 1.0,
						"z": 40.0
					},
					"rotation": {
						"w": 1.0,
						"x": 0.0,
						"y": 0.0,
						"z": 0.0
					},
					"scale": {
						"x": 1.0,
						"y": 1.0,
						"z": 1.0
					}
				},
				{
					"children": [],
					"components": {
						"Light": {
							"color": {
								"x": 0.49000000953674316,
								"y": 1.0,
								"z": 0.3199999928474426
							},
							"direction": {
								"x": 0.0,
								"y": 0.0,
								"z": -1.0
							},
							"enabled": true,
							"guid": "f3bf9276-54f6-e245-9f29-39ca39b822cb",
							"intensity": 250.0,
							"params": {
								"x": 0.0,
								"y": 0.0,
								"z": 0.0
							},
							"range": 5.0,
							"type": "Point"
						}
					},
					"guid": "a3bc94d9-e26e-1140-8b4c-d5297780d820",
					"hide_in_inspector": false,
					"name": "Light",
					"parent": "5d59c08a-eef0-8a44-a14d-334c2013282a",
					"position": {
						"x": -250.0,
						"y": 1.0,
						"z": 40.0
					},
					"rotation": {
						"w": 1.0,
						"x": 0.0,
						"y": 0.0,
						"z": 0.0
					},
					"scale": {
						"x": 1.0,
						"y": 1.0,
						"z": 1.0
					}
				},
				{
					"children": [],
					"components": {
						"Light": {
							"color": {
								"x": 0.49000000953674316,
								"y": 1.0,
								"z": 0.3199999928474426
							},
							"direction": {
								"x": 0.0,
								"y": 0.0,
								"z": -1.0
							},
							"enabled": true,
							"guid": "ce335434-0e1c-5148-9362-dfb0f49bce1a",
							"intensity": 250.0,
							"params": {
								"x": 0.0,
								"y": 0.0,
								"z": 0.0
							},
							"range": 5.0,
							"type": "Point"
						}
					},
					"guid": "084e4e9c-07b2-aa41-998d-bff65e876018",
					"hide_in_inspector": false,
					"name": "Light",
					"parent": "5d59c08a-eef0-8a44-a14d-334c2013282a",
					"position": {
						"x": -300.0,
						"y": 1.0,
						"z": 40.0
					},
					"rotation": {
						"w": 1.0,
						"x": 0.0,
						"y": 0.0,
						"z": 0.0
					},
					"scale": {
						"x": 1.0,
						"y": 1.0,
						"z": 1.0
					}
				},
				{
					"children": [],
					"components": {
						"Light": {
							"color": {
								"x": 0.49000000953674316,
								"y": 1.0,
								"z": 0.3199999928474426
							},
							"direction": {
								"x": 0.0,
								"y": 0.0,
								"z": -1.0
							},
							"enabled": true,
							"guid": "19e11e44-867e-324e-bbd2-5a31a7fc72e3",
							"intensity": 250.0,
							"params": {
								"x": 0.0,
								"y": 0.0,
								"z": 0.0
							},
							"range": 5.0,
							"type": "Point"
						}
					},
					"guid": "569811f1-26b3-2841-b690-d3e65a8c7515",
					"hide_in_inspector": false,
					"name": "Light",
					"parent": "5d59c08a-eef0-8a44-a14d-334c2013282a",
					"position": {
						"x": -350.0,
						"y": 1.0,
						"z": 40.0
					},
					"rotation": {
						"w": 1.0,
						"x": 0.0,
						"y": 0.0,
						"z": 0.0
					},
					"scale": {
						"x": 1.0,
						"y": 1.0,
						"z": 1.0
					}
				},
				{
					"children": [],
					"components": {
						"Light": {
							"color": {
								"x": 0.49000000953674316,
								"y": 1.0,
								"z": 0.3199999928474426
							},
							"direction": {
								"x": 0.0,
								"y": 0.0,
								"z": -1.0
							},
							"enabled": true,
							"guid": "fe7f62ba-0435-f845-8d0c-4620f9b35a71",
							"intensity": 250.0,
							"params": {
								"x": 0.0,
								"y": 0.0,
								"z": 0.0
							},
							"range": 5.0,
							"type": "Point"
						}
					},
					"guid": "9b58aa2c-5d48-7648-b8bb-fe49d12be159",
					"hide_in_inspector": false,
					"name": "Light",
					"parent": "5d59c08a-eef0-8a44-a14d-334c2013282a",
					"position": {
						"x": -400.0,
						"y": 1.0,
						"z": 40.0
					},
					"rotation": {
						"w": 1.0,
						"x": 0.0,
						"y": 0.0,
						"z": 0.0
					},
					"scale": {
						"x": 1.0,
						"y": 1.0,
						"z": 1.0
					}
				},
				{
					"children": [],
					"components": {
						"Light": {
							"color": {
								"x": 0.49000000953674316,
								"y": 1.0,
								"z": 0.3199999928474426
							},
							"direction": {
								"x": 0.0,
								"y": 0.0,
								"z": -1.0
							},
							"enabled": true,
							"guid": "747824c7-4d26-1942-9a4b-47fc6613e4bf",
							"intensity": 250.0,
							"params": {
								"x": 0.0,
								"y": 0.0,
								"z": 0.0
							},
							"range": 5.0,
							"type": "Point"
						}
					},
					"guid": "ec78de05-ee37-9346-8bf9-0f9c102061f6",
					"hide_in_inspector": false,
					"name": "Light",
					"parent": "5d59c08a-eef0-8a44-a14d-334c2013282a",
					"position": {
						"x": -450.0,
						"y": 1.0,
						"z": 40.0
					},
					"rotation": {
						"w": 1.0,
						"x": 0.0,
						"y": 0.0,
						"z": 0.0
					},
					"scale": {
						"x": 1.0,
						"y": 1.0,
						"z": 1.0
					}
				},
				{
					"children": [],
					"components": {
						"Light": {
							"color": {
								"x": 0.49000000953674316,
								"y": 1.0,
								"z": 0.3199999928474426
							},
							"direction": {
								"x": 0.0,
								"y": 0.0,
								"z": -1.0
							},
							"enabled": true,
							"guid": "73bd10d5-c730-b94e-afdb-fc2ac1d5d7b3",
							"intensity": 250.0,
							"params": {
								"x": 0.0,
								"y": 0.0,
								"z": 0.0
							},
							"range": 5.0,
							"type": "Point"
						}
					},
					"guid": "759284e3-b1c4-5d4a-98ce-9337abeb5806",
					"hide_in_inspector": false,
					"name": "Light",
					"parent": "5d59c08a-eef0-8a44-a14d-334c2013282a",
					"position": {
						"x": -500.0,
						"y": 1.0,
						"z": 40.0
					},
					"rotation": {
						"w": 1.0,
						"x": 0.0,
						"y": 0.0,
						"z": 0.0
					},
					"scale": {
						"x": 1.0,
						"y": 1.0,
						"z": 1.0
					}
				},
				{
					"children": [],
					"components": {
						"Light": {
							"color": {
								"x": 0.44999998807907104,
								"y": 0.6779999732971191,
								"z": 0.18719999492168427
							},
							"direction": {
								"x": 0.0,
								"y": 0.0,
								"z": -1.0
							},
							"enabled": true,
							"guid": "d5d9da3e-3027-2d41-814d-d517fd7f0270",
							"intensity": 500.0,
							"params": {
								"x": 0.0,
								"y": 0.0,
								"z": 0.0
							},
							"range": 30.0,
							"type": "Point"
						}
					},
					"guid": "a5abc012-0b01-6940-8955-16faeac2f4b4",
					"hide_in_inspector": false,
					"name": "Light",
					"parent": "5d59c08a-eef0-8a44-a14d-334c2013282a",
					"position": {
						"x": -0.0,
						"y": -90.0,
						"z": 100.0
					},
					"rotation": {
						"w": 1.0,
						"x": 0.0,
						"y": 0.0,
						"z": 0.0
					},
					"scale": {
						"x": 1.0,
						"y": 1.0,
						"z": 1.0
					}
				},
				{
					"children": [],
					"components": {
						"Light": {
							"color": {
								"x": 0.44999998807907104,
								"y": 0.6779999732971191,
								"z": 0.18719999492168427
							},
							"direction": {
								"x": 0.0,
								"y": 0.0,
								"z": -1.0
							},
							"enabled": true,
							"guid": "1f0c2bcd-a542-2d4f-8a47-bc5f2eba7f58",
							"intensity": 500.0,
							"params": {
								"x": 0.0,
								"y": 0.0,
								"z": 0.0
							},
							"range": 30.0,
							"type": "Point"
						}
					},
					"guid": "b930ffaa-a64a-da47-b176-758ba637a5c6",
					"hide_in_inspector": false,
					"name": "Light",
					"parent": "5d59c08a-eef0-8a44-a14d-334c2013282a",
					"position": {
						"x": -50.0,
						"y": -90.0,
						"z": 100.0
					},
					"rotation": {
						"w": 1.0,
						"x": 0.0,
						"y": 0.0,
						"z": 0.0
					},
					"scale": {
						"x": 1.0,
						"y": 1.0,
						"z": 1.0
					}
				},
				{
					"children": [],
					"components": {
						"Light": {
							"color": {
								"x": 0.44999998807907104,
								"y": 0.6779999732971191,
								"z": 0.18719999492168427
							},
							"direction": {
								"x": 0.0,
								"y": 0.0,
								"z": -1.0
							},
							"enabled": true,
							"guid": "7b1daced-aaf2-6e4c-904a-6ee071eace68",
							"intensity": 500.0,
							"params": {
								"x": 0.0,
								"y": 0.0,
								"z": 0.0
							},
							"range": 30.0,
							"type": "Point"
						}
					},
					"guid": "3e13e9ee-3439-e545-9512-b7b3fb4a9dbe",
					"hide_in_inspector": false,
					"name": "Light",
					"parent": "5d59c08a-eef0-8a44-a14d-334c2013282a",
					"position": {
						"x": -100.0,
						"y": -90.0,
						"z": 100.0
					},
					"rotation": {
						"w": 1.0,
						"x": 0.0,
						"y": 0.0,
						"z": 0.0
					},
					"scale": {
						"x": 1.0,
						"y": 1.0,
						"z": 1.0
					}
				},
				{
					"children": [],
					"components": {
						"Light": {
							"color": {
								"x": 0.44999998807907104,
								"y": 0.6779999732971191,
								"z": 0.18719999492168427
							},
							"direction": {
								"x": 0.0,
								"y": 0.0,
								"z": -1.0
							},
							"enabled": true,
							"guid": "4f4e32a3-f8b7-2f42-b90f-5cdb94e49178",
							"intensity": 500.0,
							"params": {
								"x": 0.0,
								"y": 0.0,
								"z": 0.0
							},
							"range": 30.0,
							"type": "Point"
						}
					},
					"guid": "df3ec89a-6ae0-8044-a25d-f91684c61467",
					"hide_in_inspector": false,
					"name": "Light",
					"parent": "5d59c08a-eef0-8a44-a14d-334c2013282a",
					"position": {
						"x": -150.0,
						"y": -90.0,
						"z": 100.0
					},
					"rotation": {
						"w": 1.0,
						"x": 0.0,
						"y": 0.0,
						"z": 0.0
					},
					"scale": {
						"x": 1.0,
						"y": 1.0,
						"z": 1.0
					}
				},
				{
					"children": [],
					"components": {
						"Light": {
							"color": {
								"x": 0.44999998807907104,
								"y": 0.6779999732971191,
								"z": 0.18719999492168427
							},
							"direction": {
								"x": 0.0,
								"y": 0.0,
								"z": -1.0
							},
							"enabled": true,
							"guid": "fb23b09b-e7e8-cd4b-bd3b-a0d0f354b33c",
							"intensity": 500.0,
							"params": {
								"x": 0.0,
								"y": 0.0,
								"z": 0.0
							},
							"range": 30.0,
							"type": "Point"
						}
					},
					"guid": "82f181e0-99cd-5341-8c77-c5ffe78ab7b6",
					"hide_in_inspector": false,
					"name": "Light",
					"parent": "5d59c08a-eef0-8a44-a14d-334c2013282a",
					"position": {
						"x": -200.0,
						"y": -90.0,
						"z": 100.0
					},
					"rotation": {
						"w": 1.0,
						"x": 0.0,
						"y": 0.0,
						"z": 0.0
					},
					"scale": {
						"x": 1.0,
						"y": 1.0,
						"z": 1.0
					}
				},
				{
					"children": [],
					"components": {
						"Light": {
							"color": {
								"x": 0.44999998807907104,
								"y": 0.6779999732971191,
								"z": 0.18719999492168427
							},
							"direction": {
								"x": 0.0,
								"y": 0.0,
								"z": -1.0
							},
							"enabled": true,
							"guid": "9173aad1-d802-4a48-80ae-1a4e183adb12",
							"intensity": 500.0,
							"params": {
								"x": 0.0,
								"y": 0.0,
								"z": 0.0
							},
							"range": 30.0,
							"type": "Point"
						}
					},
					"guid": "bc861f55-ddb7-984c-b6b9-5373aa04f734",
					"hide_in_inspector": false,
					"name": "Light",
					"parent": "5d59c08a-eef0-8a44-a14d-334c2013282a",
					"position": {
						"x": -250.0,
						"y": -90.0,
						"z": 100.0
					},
					"rotation": {
						"w": 1.0,
						"x": 0.0,
						"y": 0.0,
						"z": 0.0
					},
					"scale": {
						"x": 1.0,
						"y": 1.0,
						"z": 1.0
					}
				},
				{
					"children": [],
					"components": {
						"Light": {
							"color": {
								"x": 0.44999998807907104,
								"y": 0.6779999732971191,
								"z": 0.18719999492168427
							},
							"direction": {
								"x": 0.0,
								"y": 0.0,
								"z": -1.0
							},
							"enabled": true,
							"guid": "d34a1d41-6e5c-b344-9a26-1b58b6036ae9",
							"intensity": 500.0,
							"params": {
								"x": 0.0,
								"y": 0.0,
								"z": 0.0
							},
							"range": 30.0,
							"type": "Point"
						}
					},
					"guid": "ae554b65-e3c5-da41-b9ef-94502ff5dcb7",
					"hide_in_inspector": false,
					"name": "Light",
					"parent": "5d59c08a-eef0-8a44-a14d-334c2013282a",
					"position": {
						"x": -300.0,
						"y": -90.0,
						"z": 100.0
					},
					"rotation": {
						"w": 1.0,
						"x": 0.0,
						"y": 0.0,
						"z": 0.0
					},
					"scale": {
						"x": 1.0,
						"y": 1.0,
						"z": 1.0
					}
				},
				{
					"children": [],
					"components": {
						"Light": {
							"color": {
								"x": 0.44999998807907104,
								"y": 0.6779999732971191,
								"z": 0.18719999492168427
							},
							"direction": {
								"x": 0.0,
								"y": 0.0,
								"z": -1.0
							},
							"enabled": true,
							"guid": "801deec3-2ed3-1f48-8fb1-ad9d36f3da9a",
							"intensity": 500.0,
							"params": {
								"x": 0.0,
								"y": 0.0,
								"z": 0.0
							},
							"range": 30.0,
							"type": "Point"
						}
					},
					"guid": "04a4a4f9-5b5a-8946-9370-44f66fadd67a",
					"hide_in_inspector": false,
					"name": "Light",
					"parent": "5d59c08a-eef0-8a44-a14d-334c2013282a",
					"position": {
						"x": -350.0,
						"y": -90.0,
						"z": 100.0
					},
					"rotation": {
						"w": 1.0,
						"x": 0.0,
						"y": 0.0,
						"z": 0.0
					},
					"scale": {
						"x": 1.0,
						"y": 1.0,
						"z": 1.0
					}
				},
				{
					"children": [],
					"components": {
						"Light": {
							"color": {
								"x": 0.44999998807907104,
								"y": 0.6779999732971191,
								"z": 0.18719999492168427
							},
							"direction": {
								"x": 0.0,
								"y": 0.0,
								"z": -1.0
							},
							"enabled": true,
							"guid": "bd50e0f5-e59d-0249-a65a-6d157bbc0f94",
							"intensity": 500.0,
							"params": {
								"x": 0.0,
								"y": 0.0,
								"z": 0.0
							},
							"range": 30.0,
							"type": "Point"
						}
					},
					"guid": "ac961ec8-3a29-6b42-9269-6ee09fa96361",
					"hide_in_inspector": false,
					"name": "Light",
					"parent": "5d59c08a-eef0-8a44-a14d-334c2013282a",
					"position": {
						"x": -400.0,
						"y": -90.0,
						"z": 100.0
					},
					"rotation": {
						"w": 1.0,
						"x": 0.0,
						"y": 0.0,
						"z": 0.0
					},
					"scale": {
						"x": 1.0,
						"y": 1.0,
						"z": 1.0
					}
				},
				{
					"children": [],
					"components": {
						"Light": {
							"color": {
								"x": 0.44999998807907104,
								"y": 0.6779999732971191,
								"z": 0.18719999492168427
							},
							"direction": {
								"x": 0.0,
								"y": 0.0,
								"z": -1.0
							},
							"enabled": true,
							"guid": "cbdb670b-ac13-4040-9e14-8005ae5733f0",
							"intensity": 500.0,
							"params": {
								"x": 0.0,
								"y": 0.0,
								"z": 0.0
							},
							"range": 30.0,
							"type": "Point"
						}
					},
					"guid": "48079f4a-3ad2-ee40-a001-e818fc138151",
					"hide_in_inspector": false,
					"name": "Light",
					"parent": "5d59c08a-eef0-8a44-a14d-334c2013282a",
					"position": {
						"x": -450.0,
						"y": -90.0,
						"z": 100.0
					},
					"rotation": {
						"w": 1.0,
						"x": 0.0,
						"y": 0.0,
						"z": 0.0
					},
					"scale": {
						"x": 1.0,
						"y": 1.0,
						"z": 1.0
					}
				},
				{
					"children": [],
					"components": {
						"Light": {
							"color": {
								"x": 0.44999998807907104,
								"y": 0.6779999732971191,
								"z": 0.18719999492168427
							},
							"direction": {
								"x": 0.0,
								"y": 0.0,
								"z": -1.0
							},
							"enabled": true,
							"guid": "3d904fc3-e9bb-aa49-acc1-195da45b917b",
							"intensity": 500.0,
							"params": {
								"x": 0.0,
								"y": 0.0,
								"z": 0.0
							},
							"range": 30.0,
							"type": "Point"
						}
					},
					"guid": "587f6bcc-0d27-6f4d-83d1-8bed515c218b",
					"hide_in_inspector": false,
					"name": "Light",
					"parent": "5d59c08a-eef0-8a44-a14d-334c2013282a",
					"position": {
						"x": -500.0,
						"y": -90.0,
						"z": 100.0
					},
					"rotation": {
						"w": 1.0,
						"x": 0.0,
						"y": 0.0,
						"z": 0.0
					},
					"scale": {
						"x": 1.0,
						"y": 1.0,
						"z": 1.0
					}
				}
			],
			"components": null,
			"guid": "5d59c08a-eef0-8a44-a14d-334c2013282a",
			"hide_in_inspector": false,
			"name": "Lights",
			"parent": "null",
			"position": {
				"x": 0.0,
				"y": 0.0,
				"z": 0.0
			},
			"rotation": {
				"w": 1.0,
				"x": 0.0,
				"y": 0.0,
				"z": 0.0
			},
			"scale": {
				"x": 1.0,
				"y": 1.0,
				"z": 1.0
			}
		},
		{
			"children": [],
			"components": {
				"Light": {
					"color": {
						"x": 0.49000000953674316,
						"y": 1.0,
						"z": 0.3199999928474426
					},
					"direction": {
						"x": 0.0,
						"y": 0.0,
						"z": -1.0
					},
					"enabled": true,
					"guid": "4262c3d9-e814-664a-aa95-36178c49ca7b",
					"intensity": 250.0,
					"params": {
						"x": 0.0,
						"y": 0.0,
						"z": 0.0
					},
					"range": 5.0,
					"type": "Point"
				}
			},
			"guid": "3ed29062-45f1-cb4f-a469-33baa60a9086",
			"hide_in_inspector": false,
			"name": "Light",
			"parent": "5d59c08a-eef0-8a44-a14d-334c2013282a",
			"position": {
				"x": -0.0,
				"y": 1.0,
				"z": 40.0
			},
			"rotation": {
				"w": 1.0,
				"x": 0.0,
				"y": 0.0,
				"z": 0.0
			},
			"scale": {
				"x": 1.0,
				"y": 1.0,
				"z": 1.0
			}
		},
		{
			"children": [],
			"components": {
				"Light": {
					"color": {
						"x": 0.49000000953674316,
						"y": 1.0,
						"z": 0.3199999928474426
					},
					"direction": {
						"x": 0.0,
						"y": 0.0,
						"z": -1.0
					},
					"enabled": true,
					"guid": "e5954898-739e-da4e-9b59-bd19d7a27e69",
					"intensity": 250.0,
					"params": {
						"x": 0.0,
						"y": 0.0,
						"z": 0.0
					},
					"range": 5.0,
					"type": "Point"
				}
			},
			"guid": "50deaf58-90a8-1c4c-9b3f-bd67a30f1dfd",
			"hide_in_inspector": false,
			"name": "Light",
			"parent": "5d59c08a-eef0-8a44-a14d-334c2013282a",
			"position": {
				"x": -50.0,
				"y": 1.0,
				"z": 40.0
			},
			"rotation": {
				"w": 1.0,
				"x": 0.0,
				"y": 0.0,
				"z": 0.0
			},
			"scale": {
				"x": 1.0,
				"y": 1.0,
				"z": 1.0
			}
		},
		{
			"children": [],
			"components": {
				"Light": {
					"color": {
						"x": 0.49000000953674316,
						"y": 1.0,
						"z": 0.3199999928474426
					},
					"direction": {
						"x": 0.0,
						"y": 0.0,
						"z": -1.0
					},
					"enabled": true,
					"guid": "ef663999-1693-c240-b58c-6a9db5fd4dd3",
					"intensity": 250.0,
					"params": {
						"x": 0.0,
						"y": 0.0,
						"z": 0.0
					},
					"range": 5.0,
					"type": "Point"
				}
			},
			"guid": "d53d1da5-949b-794d-bf55-6478a6a12fd8",
			"hide_in_inspector": false,
			"name": "Light",
			"parent": "5d59c08a-eef0-8a44-a14d-334c2013282a",
			"position": {
				"x": -100.0,
				"y": 1.0,
				"z": 40.0
			},
			"rotation": {
				"w": 1.0,
				"x": 0.0,
				"y": 0.0,
				"z": 0.0
			},
			"scale": {
				"x": 1.0,
				"y": 1.0,
				"z": 1.0
			}
		},
		{
			"children": [],
			"components": {
				"Light": {
					"color": {
						"x": 0.49000000953674316,
						"y": 1.0,
						"z": 0.3199999928474426
					},
					"direction": {
						"x": 0.0,
						"y": 0.0,
						"z": -1.0
					},
					"enabled": true,
					"guid": "29cc30f0-4200-0245-8955-2c70e58eb2e1",
					"intensity": 250.0,
					"params": {
						"x": 0.0,
						"y": 0.0,
						"z": 0.0
					},
					"range": 5.0,
					"type": "Point"
				}
			},
			"guid": "7f00e62a-3a9c-e245-8c2e-39f5a8741865",
			"hide_in_inspector": false,
			"name": "Light",
			"parent": "5d59c08a-eef0-8a44-a14d-334c2013282a",
			"position": {
				"x": -150.0,
				"y": 1.0,
				"z": 40.0
			},
			"rotation": {
				"w": 1.0,
				"x": 0.0,
				"y": 0.0,
				"z": 0.0
			},
			"scale": {
				"x": 1.0,
				"y": 1.0,
				"z": 1.0
			}
		},
		{
			"children": [],
			"components": {
				"Light": {
					"color": {
						"x": 0.49000000953674316,
						"y": 1.0,
						"z": 0.3199999928474426
					},
					"direction": {
						"x": 0.0,
						"y": 0.0,
						"z": -1.0
					},
					"enabled": true,
					"guid": "40cb31de-62ba-b548-86cb-b394ca60f6c1",
					"intensity": 250.0,
					"params": {
						"x": 0.0,
						"y": 0.0,
						"z": 0.0
					},
					"range": 5.0,
					"type": "Point"
				}
			},
			"guid": "84eb4236-e6e0-ce49-a802-57a4ea111502",
			"hide_in_inspector": false,
			"name": "Light",
			"parent": "5d59c08a-eef0-8a44-a14d-334c2013282a",
			"position": {
				"x": -200.0,
				"y": 1.0,
				"z": 40.0
			},
			"rotation": {
				"w": 1.0,
				"x": 0.0,
				"y": 0.0,
				"z": 0.0
			},
			"scale": {
				"x": 1.0,
				"y": 1.0,
				"z": 1.0
			}
		},
		{
			"children": [],
			"components": {
				"Light": {
					"color": {
						"x": 0.49000000953674316,
						"y": 1.0,
						"z": 0.3199999928474426
					},
					"direction": {
						"x": 0.0,
						"y": 0.0,
						"z": -1.0
					},
					"enabled": true,
					"guid": "f3bf9276-54f6-e245-9f29-39ca39b822cb",
					"intensity": 250.0,
					"params": {
						"x": 0.0,
						"y": 0.0,
						"z": 0.0
					},
					"range": 5.0,
					"type": "Point"
				}
			},
			"guid": "a3bc94d9-e26e-1140-8b4c-d5297780d820",
			"hide_in_inspector": false,
			"name": "Light",
			"parent": "5d59c08a-eef0-8a44-a14d-334c2013282a",
			"position": {
				"x": -250.0,
				"y": 1.0,
				"z": 40.0
			},
			"rotation": {
				"w": 1.0,
				"x": 0.0,
				"y": 0.0,
				"z": 0.0
			},
			"scale": {
				"x": 1.0,
				"y": 1.0,
				"z": 1.0
			}
		},
		{
			"children": [],
			"components": {
				"Light": {
					"color": {
						"x": 0.49000000953674316,
						"y": 1.0,
						"z": 0.3199999928474426
					},
					"direction": {
						"x": 0.0,
						"y": 0.0,
						"z": -1.0
					},
					"enabled": true,
					"guid": "ce335434-0e1c-5148-9362-dfb0f49bce1a",
					"intensity": 250.0,
					"params": {
						"x": 0.0,
						"y": 0.0,
						"z": 0.0
					},
					"range": 5.0,
					"type": "Point"
				}
			},
			"guid": "084e4e9c-07b2-aa41-998d-bff65e876018",
			"hide_in_inspector": false,
			"name": "Light",
			"parent": "5d59c08a-eef0-8a44-a14d-334c2013282a",
			"position": {
				"x": -300.0,
				"y": 1.0,
				"z": 40.0
			},
			"rotation": {
				"w": 1.0,
				"x": 0.0,
				"y": 0.0,
				"z": 0.0
			},
			"scale": {
				"x": 1.0,
				"y": 1.0,
				"z": 1.0
			}
		},
		{
			"children": [],
			"components": {
				"Light": {
					"color": {
						"x": 0.49000000953674316,
						"y": 1.0,
						"z": 0.3199999928474426
					},
					"direction": {
						"x": 0.0,
						"y": 0.0,
						"z": -1.0
					},
					"enabled": true,
					"guid": "19e11e44-867e-324e-bbd2-5a31a7fc72e3",
					"intensity": 250.0,
					"params": {
						"x": 0.0,
						"y": 0.0,
						"z": 0.0
					},
					"range": 5.0,
					"type": "Point"
				}
			},
			"guid": "569811f1-26b3-2841-b690-d3e65a8c7515",
			"hide_in_inspector": false,
			"name": "Light",
			"parent": "5d59c08a-eef0-8a44-a14d-334c2013282a",
			"position": {
				"x": -350.0,
				"y": 1.0,
				"z": 40.0
			},
			"rotation": {
				"w": 1.0,
				"x": 0.0,
				"y": 0.0,
				"z": 0.0
			},
			"scale": {
				"x": 1.0,
				"y": 1.0,
				"z": 1.0
			}
		},
		{
			"children": [],
			"components": {
				"Light": {
					"color": {
						"x": 0.49000000953674316,
						"y": 1.0,
						"z": 0.3199999928474426
					},
					"direction": {
						"x": 0.0,
						"y": 0.0,
						"z": -1.0
					},
					"enabled": true,
					"guid": "fe7f62ba-0435-f845-8d0c-4620f9b35a71",
					"intensity": 250.0,
					"params": {
						"x": 0.0,
						"y": 0.0,
						"z": 0.0
					},
					"range": 5.0,
					"type": "Point"
				}
			},
			"guid": "9b58aa2c-5d48-7648-b8bb-fe49d12be159",
			"hide_in_inspector": false,
			"name": "Light",
			"parent": "5d59c08a-eef0-8a44-a14d-334c2013282a",
			"position": {
				"x": -400.0,
				"y": 1.0,
				"z": 40.0
			},
			"rotation": {
				"w": 1.0,
				"x": 0.0,
				"y": 0.0,
				"z": 0.0
			},
			"scale": {
				"x": 1.0,
				"y": 1.0,
				"z": 1.0
			}
		},
		{
			"children": [],
			"components": {
				"Light": {
					"color": {
						"x": 0.49000000953674316,
						"y": 1.0,
						"z": 0.3199999928474426
					},
					"direction": {
						"x": 0.0,
						"y": 0.0,
						"z": -1.0
					},
					"enabled": true,
					"guid": "747824c7-4d26-1942-9a4b-47fc6613e4bf",
					"intensity": 250.0,
					"params": {
						"x": 0.0,
						"y": 0.0,
						"z": 0.0
					},
					"range": 5.0,
					"type": "Point"
				}
			},
			"guid": "ec78de05-ee37-9346-8bf9-0f9c102061f6",
			"hide_in_inspector": false,
			"name": "Light",
			"parent": "5d59c08a-eef0-8a44-a14d-334c2013282a",
			"position": {
				"x": -450.0,
				"y": 1.0,
				"z": 40.0
			},
			"rotation": {
				"w": 1.0,
				"x": 0.0,
				"y": 0.0,
				"z": 0.0
			},
			"scale": {
				"x": 1.0,
				"y": 1.0,
				"z": 1.0
			}
		},
		{
			"children": [],
			"components": {
				"Light": {
					"color": {
						"x": 0.49000000953674316,
						"y": 1.0,
						"z": 0.3199999928474426
					},
					"direction": {
						"x": 0.0,
						"y": 0.0,
						"z": -1.0
					},
					"enabled": true,
					"guid": "73bd10d5-c730-b94e-afdb-fc2ac1d5d7b3",
					"intensity": 250.0,
					"params": {
						"x": 0.0,
						"y": 0.0,
						"z": 0.0
					},
					"range": 5.0,
					"type": "Point"
				}
			},
			"guid": "759284e3-b1c4-5d4a-98ce-9337abeb5806",
			"hide_in_inspector": false,
			"name": "Light",
			"parent": "5d59c08a-eef0-8a44-a14d-334c2013282a",
			"position": {
				"x": -500.0,
				"y": 1.0,
				"z": 40.0
			},
			"rotation": {
				"w": 1.0,
				"x": 0.0,
				"y": 0.0,
				"z": 0.0
			},
			"scale": {
				"x": 1.0,
				"y": 1.0,
				"z": 1.0
			}
		},
		{
			"children": [],
			"components": {
				"Light": {
					"color": {
						"x": 0.44999998807907104,
						"y": 0.6779999732971191,
						"z": 0.18719999492168427
					},
					"direction": {
						"x": 0.0,
						"y": 0.0,
						"z": -1.0
					},
					"enabled": true,
					"guid": "d5d9da3e-3027-2d41-814d-d517fd7f0270",
					"intensity": 500.0,
					"params": {
						"x": 0.0,
						"y": 0.0,
						"z": 0.0
					},
					"range": 30.0,
					"type": "Point"
				}
			},
			"guid": "a5abc012-0b01-6940-8955-16faeac2f4b4",
			"hide_in_inspector": false,
			"name": "Light",
			"parent": "5d59c08a-eef0-8a44-a14d-334c2013282a",
			"position": {
				"x": -0.0,
				"y": -90.0,
				"z": 100.0
			},
			"rotation": {
				"w": 1.0,
				"x": 0.0,
				"y": 0.0,
				"z": 0.0
			},
			"scale": {
				"x": 1.0,
				"y": 1.0,
				"z": 1.0
			}
		},
		{
			"children": [],
			"components": {
				"Light": {
					"color": {
						"x": 0.44999998807907104,
						"y": 0.6779999732971191,
						"z": 0.18719999492168427
					},
					"direction": {
						"x": 0.0,
						"y": 0.0,
						"z": -1.0
					},
					"enabled": true,
					"guid": "1f0c2bcd-a542-2d4f-8a47-bc5f2eba7f58",
					"intensity": 500.0,
					"params": {
						"x": 0.0,
						"y": 0.0,
						"z": 0.0
					},
					"range": 30.0,
					"type": "Point"
				}
			},
			"guid": "b930ffaa-a64a-da47-b176-758ba637a5c6",
			"hide_in_inspector": false,
			"name": "Light",
			"parent": "5d59c08a-eef0-8a44-a14d-334c2013282a",
			"position": {
				"x": -50.0,
				"y": -90.0,
				"z": 100.0
			},
			"rotation": {
				"w": 1.0,
				"x": 0.0,
				"y": 0.0,
				"z": 0.0
			},
			"scale": {
				"x": 1.0,
				"y": 1.0,
				"z": 1.0
			}
		},
		{
			"children": [],
			"components": {
				"Light": {
					"color": {
						"x": 0.44999998807907104,
						"y": 0.6779999732971191,
						"z": 0.18719999492168427
					},
					"direction": {
						"x": 0.0,
						"y": 0.0,
						"z": -1.0
					},
					"enabled": true,
					"guid": "7b1daced-aaf2-6e4c-904a-6ee071eace68",
					"intensity": 500.0,
					"params": {
						"x": 0.0,
						"y": 0.0,
						"z": 0.0
					},
					"range": 30.0,
					"type": "Point"
				}
			},
			"guid": "3e13e9ee-3439-e545-9512-b7b3fb4a9dbe",
			"hide_in_inspector": false,
			"name": "Light",
			"parent": "5d59c08a-eef0-8a44-a14d-334c2013282a",
			"position": {
				"x": -100.0,
				"y": -90.0,
				"z": 100.0
			},
			"rotation": {
				"w": 1.0,
				"x": 0.0,
				"y": 0.0,
				"z": 0.0
			},
			"scale": {
				"x": 1.0,
				"y": 1.0,
				"z": 1.0
			}
		},
		{
			"children": [],
			"components": {
				"Light": {
					"color": {
						"x": 0.44999998807907104,
						"y": 0.6779999732971191,
						"z": 0.18719999492168427
					},
					"direction": {
						"x": 0.0,
						"y": 0.0,
						"z": -1.0
					},
					"enabled": true,
					"guid": "4f4e32a3-f8b7-2f42-b90f-5cdb94e49178",
					"intensity": 500.0,
					"params": {
						"x": 0.0,
						"y": 0.0,
						"z": 0.0
					},
					"range": 30.0,
					"type": "Point"
				}
			},
			"guid": "df3ec89a-6ae0-8044-a25d-f91684c61467",
			"hide_in_inspector": false,
			"name": "Light",
			"parent": "5d59c08a-eef0-8a44-a14d-334c2013282a",
			"position": {
				"x": -150.0,
				"y": -90.0,
				"z": 100.0
			},
			"rotation": {
				"w": 1.0,
				"x": 0.0,
				"y": 0.0,
				"z": 0.0
			},
			"scale": {
				"x": 1.0,
				"y": 1.0,
				"z": 1.0
			}
		},
		{
			"children": [],
			"components": {
				"Light": {
					"color": {
						"x": 0.44999998807907104,
						"y": 0.6779999732971191,
						"z": 0.18719999492168427
					},
					"direction": {
						"x": 0.0,
						"y": 0.0,
						"z": -1.0
					},
					"enabled": true,
					"guid": "fb23b09b-e7e8-cd4b-bd3b-a0d0f354b33c",
					"intensity": 500.0,
					"params": {
						"x": 0.0,
						"y": 0.0,
						"z": 0.0
					},
					"range": 30.0,
					"type": "Point"
				}
			},
			"guid": "82f181e0-99cd-5341-8c77-c5ffe78ab7b6",
			"hide_in_inspector": false,
			"name": "Light",
			"parent": "5d59c08a-eef0-8a44-a14d-334c2013282a",
			"position": {
				"x": -200.0,
				"y": -90.0,
				"z": 100.0
			},
			"rotation": {
				"w": 1.0,
				"x": 0.0,
				"y": 0.0,
				"z": 0.0
			},
			"scale": {
				"x": 1.0,
				"y": 1.0,
				"z": 1.0
			}
		},
		{
			"children": [],
			"components": {
				"Light": {
					"color": {
						"x": 0.44999998807907104,
						"y": 0.6779999732971191,
						"z": 0.18719999492168427
					},
					"direction": {
						"x": 0.0,
						"y": 0.0,
						"z": -1.0
					},
					"enabled": true,
					"guid": "9173aad1-d802-4a48-80ae-1a4e183adb12",
					"intensity": 500.0,
					"params": {
						"x": 0.0,
						"y": 0.0,
						"z": 0.0
					},
					"range": 30.0,
					"type": "Point"
				}
			},
			"guid": "bc861f55-ddb7-984c-b6b9-5373aa04f734",
			"hide_in_inspector": false,
			"name": "Light",
			"parent": "5d59c08a-eef0-8a44-a14d-334c2013282a",
			"position": {
				"x": -250.0,
				"y": -90.0,
				"z": 100.0
			},
			"rotation": {
				"w": 1.0,
				"x": 0.0,
				"y": 0.0,
				"z": 0.0
			},
			"scale": {
				"x": 1.0,
				"y": 1.0,
				"z": 1.0
			}
		},
		{
			"children": [],
			"components": {
				"Light": {
					"color": {
						"x": 0.44999998807907104,
						"y": 0.6779999732971191,
						"z": 0.18719999492168427
					},
					"direction": {
						"x": 0.0,
						"y": 0.0,
						"z": -1.0
					},
					"enabled": true,
					"guid": "d34a1d41-6e5c-b344-9a26-1b58b6036ae9",
					"intensity": 500.0,
					"params": {
						"x": 0.0,
						"y": 0.0,
						"z": 0.0
					},
					"range": 30.0,
					"type": "Point"
				}
			},
			"guid": "ae554b65-e3c5-da41-b9ef-94502ff5dcb7",
			"hide_in_inspector": false,
			"name": "Light",
			"parent": "5d59c08a-eef0-8a44-a14d-334c2013282a",
			"position": {
				"x": -300.0,
				"y": -90.0,
				"z": 100.0
			},
			"rotation": {
				"w": 1.0,
				"x": 0.0,
				"y": 0.0,
				"z": 0.0
			},
			"scale": {
				"x": 1.0,
				"y": 1.0,
				"z": 1.0
			}
		},
		{
			"children": [],
			"components": {
				"Light": {
					"color": {
						"x": 0.44999998807907104,
						"y": 0.6779999732971191,
						"z": 0.18719999492168427
					},
					"direction": {
						"x": 0.0,
						"y": 0.0,
						"z": -1.0
					},
					"enabled": true,
					"guid": "801deec3-2ed3-1f48-8fb1-ad9d36f3da9a",
					"intensity": 500.0,
					"params": {
						"x": 0.0,
						"y": 0.0,
						"z": 0.0
					},
					"range": 30.0,
					"type": "Point"
				}
			},
			"guid": "04a4a4f9-5b5a-8946-9370-44f66fadd67a",
			"hide_in_inspector": false,
			"name": "Light",
			"parent": "5d59c08a-eef0-8a44-a14d-334c2013282a",
			"position": {
				"x": -350.0,
				"y": -90.0,
				"z": 100.0
			},
			"rotation": {
				"w": 1.0,
				"x": 0.0,
				"y": 0.0,
				"z": 0.0
			},
			"scale": {
				"x": 1.0,
				"y": 1.0,
				"z": 1.0
			}
		},
		{
			"children": [],
			"components": {
				"Light": {
					"color": {
						"x": 0.44999998807907104,
						"y": 0.6779999732971191,
						"z": 0.18719999492168427
					},
					"direction": {
						"x": 0.0,
						"y": 0.0,
						"z": -1.0
					},
					"enabled": true,
					"guid": "bd50e0f5-e59d-0249-a65a-6d157bbc0f94",
					"intensity": 500.0,
					"params": {
						"x": 0.0,
						"y": 0.0,
						"z": 0.0
					},
					"range": 30.0,
					"type": "Point"
				}
			},
			"guid": "ac961ec8-3a29-6b42-9269-6ee09fa96361",
			"hide_in_inspector": false,
			"name": "Light",
			"parent": "5d59c08a-eef0-8a44-a14d-334c2013282a",
			"position": {
				"x": -400.0,
				"y": -90.0,
				"z": 100.0
			},
			"rotation": {
				"w": 1.0,
				"x": 0.0,
				"y": 0.0,
				"z": 0.0
			},
			"scale": {
				"x": 1.0,
				"y": 1.0,
				"z": 1.0
			}
		},
		{
			"children": [],
			"components": {
				"Light": {
					"color": {
						"x": 0.44999998807907104,
						"y": 0.6779999732971191,
						"z": 0.18719999492168427
					},
					"direction": {
						"x": 0.0,
						"y": 0.0,
						"z": -1.0
					},
					"enabled": true,
					"guid": "cbdb670b-ac13-4040-9e14-8005ae5733f0",
					"intensity": 500.0,
					"params": {
						"x": 0.0,
						"y": 0.0,
						"z": 0.0
					},
					"range": 30.0,
					"type": "Point"
				}
			},
			"guid": "48079f4a-3ad2-ee40-a001-e818fc138151",
			"hide_in_inspector": false,
			"name": "Light",
			"parent": "5d59c08a-eef0-8a44-a14d-334c2013282a",
			"position": {
				"x": -450.0,
				"y": -90.0,
				"z": 100.0
			},
			"rotation": {
				"w": 1.0,
				"x": 0.0,
				"y": 0.0,
				"z": 0.0
			},
			"scale": {
				"x": 1.0,
				"y": 1.0,
				"z": 1.0
			}
		},
		{
			"children": [],
			"components": {
				"Light": {
					"color": {
						"x": 0.44999998807907104,
						"y": 0.6779999732971191,
						"z": 0.18719999492168427
					},
					"direction": {
						"x": 0.0,
						"y": 0.0,
						"z": -1.0
					},
					"enabled": true,
					"guid": "3d904fc3-e9bb-aa49-acc1-195da45b917b",
					"intensity": 500.0,
					"params": {
						"x": 0.0,
						"y": 0.0,
						"z": 0.0
					},
					"range": 30.0,
					"type": "Point"
				}
			},
			"guid": "587f6bcc-0d27-6f4d-83d1-8bed515c218b",
			"hide_in_inspector": false,
			"name": "Light",
			"parent": "5d59c08a-eef0-8a44-a14d-334c2013282a",
			"position": {
				"x": -500.0,
				"y": -90.0,
				"z": 100.0
			},
			"rotation": {
				"w": 1.0,
				"x": 0.0,
				"y": 0.0,
				"z": 0.0
			},
			"scale": {
				"x": 1.0,
				"y": 1.0,
				"z": 1.0
			}
		},
		{
			"children": [],
			"components": {
				"Gameplay::Physics::RigidBody": {
					"angular_damping": 0.004999999888241291,
					"colliders": [
						{
							"extents": {
								"x": 50.0,
								"y": 50.0,
								"z": 1.0
							},
							"guid": "c9d7e082-2921-2847-a87a-b2d3b4490bdf",
							"position": {
								"x": 0.0,
								"y": 0.0,
								"z": -1.0
							},
							"rotation": {
								"x": 0.0,
								"y": 0.0,
								"z": 0.0
							},
							"scale": {
								"x": 1.0,
								"y": 1.0,
								"z": 1.0
							},
							"type": "Box"
						}
					],
					"enabled": true,
					"group": 1,
					"guid": "53f2055e-58da-4f40-8d93-a25bf48a52b2",
					"linear_damping": 0.0,
					"mask": -1,
					"mass": 1.0,
					"type": "Static"
				},
				"RenderComponent": {
					"enabled": true,
					"guid": "4093e6b3-e94e-e044-9559-493f577b68d8",
					"material": "12ae720c-6ebf-924a-8e49-4b6a5cfa36c5",
					"mesh": "ec210cd4-899e-be4c-a388-01e11497e512"
				}
			},
			"guid": "9cdee1bc-8a4f-3040-86b4-394b682e2a83",
			"hide_in_inspector": false,
			"name": "Plane",
			"parent": "null",
			"position": {
				"x": 350.0,
				"y": -130.0,
				"z": 62.0
			},
			"rotation": {
				"w": -3.0908619663705394e-08,
				"x": -3.0908619663705394e-08,
				"y": -0.7071067690849304,
				"z": -0.7071067690849304
			},
			"scale": {
				"x": 375.0,
				"y": 125.0,
				"z": 250.0
			}
		},
		{
			"children": [],
			"components": {
				"Gameplay::Physics::RigidBody": {
					"angular_damping": 0.004999999888241291,
					"colliders": [
						{
							"extents": {
								"x": 50.0,
								"y": 50.0,
								"z": 1.0
							},
							"guid": "22930b96-f118-4a40-ab8a-a7480ecfcad5",
							"position": {
								"x": 0.0,
								"y": 0.0,
								"z": -1.0
							},
							"rotation": {
								"x": 0.0,
								"y": 0.0,
								"z": 0.0
							},
							"scale": {
								"x": 1.0,
								"y": 1.0,
								"z": 1.0
							},
							"type": "Box"
						}
					],
					"enabled": true,
					"group": 1,
					"guid": "5b09858e-7e63-fd41-ab3d-3e21a7d8d643",
					"linear_damping": 0.0,
					"mask": -1,
					"mass": 1.0,
					"type": "Static"
				},
				"RenderComponent": {
					"enabled": true,
					"guid": "d94b35e9-6cab-0148-82ff-20933785a36d",
					"material": "12ae720c-6ebf-924a-8e49-4b6a5cfa36c5",
					"mesh": "ec210cd4-899e-be4c-a388-01e11497e512"
				}
			},
			"guid": "c84262b2-a55e-4444-8fd0-340940b2f7f7",
			"hide_in_inspector": false,
			"name": "Plane2",
			"parent": "null",
			"position": {
				"x": -50.0,
				"y": -130.0,
				"z": 62.0
			},
			"rotation": {
				"w": -3.0908619663705394e-08,
				"x": -3.0908619663705394e-08,
				"y": -0.7071067690849304,
				"z": -0.7071067690849304
			},
			"scale": {
				"x": 375.0,
				"y": 125.0,
				"z": 250.0
			}
		},
		{
			"children": [],
			"components": {
				"Gameplay::Physics::TriggerVolume": {
					"colliders": [
						{
							"extents": {
								"x": 1.0,
								"y": 1.0,
								"z": 1.0
							},
							"guid": "a8404262-861f-8a4c-9f7a-a80e6f4600f6",
							"position": {
								"x": 0.0,
								"y": 0.0,
								"z": 0.0
							},
							"rotation": {
								"x": 0.0,
								"y": 0.0,
								"z": 0.0
							},
							"scale": {
								"x": 1.0,
								"y": 1.0,
								"z": 1.0
							},
							"type": "Box"
						}
					],
					"enabled": true,
					"group": 1,
					"guid": "6cf45dc3-f06b-a14e-9103-4faf1a1065b3",
					"mask": -1
				},
				"RenderComponent": {
					"enabled": true,
					"guid": "cdeec225-ef5c-7f41-b63c-6aee04388d9a",
					"material": "21278c7d-9014-6946-ac20-3dc6ec7d9193",
					"mesh": "ed0be8cb-1f1c-3048-859b-ad04cd1cb664"
				},
				"TriggerVolumeEnterBehaviour": {
					"enabled": true,
					"guid": "c76b6cdd-200a-fb4f-9ec9-9afe893ee127"
				}
			},
			"guid": "5b4ff165-3c31-3d46-88a3-cfebfbc69975",
			"hide_in_inspector": false,
			"name": "bg",
			"parent": "null",
			"position": {
				"x": 107.69999694824219,
				"y": -55.83000183105469,
				"z": -1.7000000476837158
			},
			"rotation": {
				"w": -3.0908619663705394e-08,
				"x": -3.0908619663705394e-08,
				"y": -0.7071067690849304,
				"z": -0.7071067690849304
			},
			"scale": {
				"x": 6.0,
				"y": 6.0,
				"z": 6.0
			}
		},
		{
			"children": [],
			"components": {
				"Gameplay::Physics::TriggerVolume": {
					"colliders": [
						{
							"extents": {
								"x": 1.0,
								"y": 1.0,
								"z": 1.0
							},
							"guid": "66007b22-1553-b741-9436-1b62b531c799",
							"position": {
								"x": 0.0,
								"y": 0.0,
								"z": 0.0
							},
							"rotation": {
								"x": 0.0,
								"y": 0.0,
								"z": 0.0
							},
							"scale": {
								"x": 1.0,
								"y": 1.0,
								"z": 1.0
							},
							"type": "Box"
						}
					],
					"enabled": true,
					"group": 1,
					"guid": "504f143b-eb9d-6d42-8dc9-bb7656060383",
					"mask": -1
				},
				"RenderComponent": {
					"enabled": true,
					"guid": "a432c787-402a-7641-9a5b-5c0fe03a7280",
					"material": "21278c7d-9014-6946-ac20-3dc6ec7d9193",
					"mesh": "ed0be8cb-1f1c-3048-859b-ad04cd1cb664"
				},
				"TriggerVolumeEnterBehaviour": {
					"enabled": true,
					"guid": "1969a1c0-5615-e643-854d-469407731f84"
				}
			},
			"guid": "24037ff1-0f3d-7545-92fd-d57527bf9b1f",
			"hide_in_inspector": false,
			"name": "bg2",
			"parent": "null",
			"position": {
				"x": 0.0,
				"y": -55.83000183105469,
				"z": -1.7000000476837158
			},
			"rotation": {
				"w": -3.0908619663705394e-08,
				"x": -3.0908619663705394e-08,
				"y": -0.7071067690849304,
				"z": -0.7071067690849304
			},
			"scale": {
				"x": 6.0,
				"y": 6.0,
				"z": 6.0
			}
		},
		{
			"children": [],
			"components": {
				"Gameplay::Physics::TriggerVolume": {
					"colliders": [
						{
							"extents": {
								"x": 1.0,
								"y": 1.0,
								"z": 1.0
							},
							"guid": "8b3a5486-9a19-7940-a899-e4e48364df1e",
							"position": {
								"x": 0.0,
								"y": 0.0,
								"z": 0.0
							},
							"rotation": {
								"x": 0.0,
								"y": 0.0,
								"z": 0.0
							},
							"scale": {
								"x": 1.0,
								"y": 1.0,
								"z": 1.0
							},
							"type": "Box"
						}
					],
					"enabled": true,
					"group": 1,
					"guid": "16ead683-a3b7-a04e-b892-d2da72ed8b74",
					"mask": -1
				},
				"RenderComponent": {
					"enabled": true,
					"guid": "bab465b6-b1bd-4d46-bc37-3be68a9ef38d",
					"material": "21278c7d-9014-6946-ac20-3dc6ec7d9193",
					"mesh": "ed0be8cb-1f1c-3048-859b-ad04cd1cb664"
				},
				"TriggerVolumeEnterBehaviour": {
					"enabled": true,
					"guid": "bdd14bb0-12cc-344f-ba3a-f48a0e875461"
				}
			},
			"guid": "cacf4081-f761-ea4e-a3d1-3e26526f2a34",
			"hide_in_inspector": false,
			"name": "bg3",
			"parent": "null",
			"position": {
				"x": -107.69999694824219,
				"y": -55.83000183105469,
				"z": -1.7000000476837158
			},
			"rotation": {
				"w": -3.0908619663705394e-08,
				"x": -3.0908619663705394e-08,
				"y": -0.7071067690849304,
				"z": -0.7071067690849304
			},
			"scale": {
				"x": 6.0,
				"y": 6.0,
				"z": 6.0
			}
		},
		{
			"children": [],
			"components": {
				"Gameplay::Physics::TriggerVolume": {
					"colliders": [
						{
							"extents": {
								"x": 1.0,
								"y": 1.0,
								"z": 1.0
							},
							"guid": "2bc0a569-7a99-a74f-94e5-837b876f5d89",
							"position": {
								"x": 0.0,
								"y": 0.0,
								"z": 0.0
							},
							"rotation": {
								"x": 0.0,
								"y": 0.0,
								"z": 0.0
							},
							"scale": {
								"x": 1.0,
								"y": 1.0,
								"z": 1.0
							},
							"type": "Box"
						}
					],
					"enabled": true,
					"group": 1,
					"guid": "d92c3976-4e50-6a4c-9c44-84170e5d161d",
					"mask": -1
				},
				"RenderComponent": {
					"enabled": true,
					"guid": "558c76ea-d675-5f4e-bcd2-37ff1298037b",
					"material": "427c347c-50f9-b14e-9477-1ac43f694a17",
					"mesh": "e5880920-83eb-3d4e-906f-febe786b923f"
				},
				"TriggerVolumeEnterBehaviour": {
					"enabled": true,
					"guid": "05ff3b8d-83f2-6d4c-ac5d-e1913db8f5a8"
				}
			},
			"guid": "a05e9f22-578e-b04b-8510-8d6669d32aea",
			"hide_in_inspector": false,
			"name": "ladybug",
			"parent": "null",
			"position": {
				"x": 6.0,
				"y": 6.96999979019165,
				"z": 0.5440000295639038
			},
			"rotation": {
				"w": 0.329056978225708,
				"x": 0.33485084772109985,
				"y": 0.6297627687454224,
				"z": 0.6188661456108093
			},
			"scale": {
				"x": 0.30000001192092896,
				"y": 0.30000001192092896,
				"z": 0.30000001192092896
			}
		},
		{
			"children": [],
			"components": {
				"RenderComponent": {
					"enabled": true,
					"guid": "f60ba354-0eb9-e844-8103-bc2d37dc13f9",
					"material": "56748c4c-087b-6f40-80c0-46bc20458a86",
					"mesh": "5e15eaea-bd57-b544-802d-861bc68015b1"
				}
			},
			"guid": "ba3e3841-961f-134b-b59a-f3ca1156ac6f",
			"hide_in_inspector": false,
			"name": "Fenrir",
			"parent": "null",
			"position": {
				"x": 1.5,
				"y": 0.0,
				"z": 4.0
			},
			"rotation": {
				"w": 1.0,
				"x": 0.0,
				"y": 0.0,
				"z": 0.0
			},
			"scale": {
				"x": 0.10000000149011612,
				"y": 0.10000000149011612,
				"z": 0.10000000149011612
			}
		},
		{
			"children": [],
			"components": null,
			"guid": "a4a32870-496d-8c4b-a038-9fe316fe60a4",
			"hide_in_inspector": false,
			"name": "Demo Parent",
			"parent": "null",
			"position": {
				"x": 0.0,
				"y": 0.0,
				"z": 0.0
			},
			"rotation": {
				"w": 1.0,
				"x": 0.0,
				"y": 0.0,
				"z": 0.0
			},
			"scale": {
				"x": 1.0,
				"y": 1.0,
				"z": 1.0
			}
		},
		{
			"children": [],
			"components": {
				"ShadowCamera": {
					"bias": 9.999999747378752e-06,
					"color": {
						"w": 1.0,
						"x": 1.0,
						"y": 1.0,
						"z": 1.0
					},
					"enabled": true,
					"flags": 0,
					"guid": "6a5c440b-3a34-1249-aed1-25e3f2535c86",
					"intensity": 1.0,
					"mask": "null",
					"normal_bias": 9.999999747378752e-05,
					"projection": [
						{
							"w": 0.0,
							"x": 0.5773502588272095,
							"y": 0.0,
							"z": 0.0
						},
						{
							"w": 0.0,
							"x": 0.0,
							"y": 0.5773502588272095,
							"z": 0.0
						},
						{
							"w": -1.0,
							"x": 0.0,
							"y": 0.0,
							"z": -1.0020020008087158
						},
						{
							"w": 0.0,
							"x": 0.0,
							"y": 0.0,
							"z": -0.20020020008087158
						}
					],
					"range": 100.0,
					"resolution": {
						"x": 512,
						"y": 512
					}
				}
			},
			"guid": "e6a4538e-f137-0c4a-9199-408067beedf8",
			"hide_in_inspector": false,
			"name": "Shadow Light",
			"parent": "null",
			"position": {
				"x": 3.0,
				"y": 3.0,
				"z": 5.0
			},
			"rotation": {
				"w": -0.3592430353164673,
				"x": -0.1318751722574234,
				"y": -0.3183748126029968,
				"z": -0.8672893643379211
			},
			"scale": {
				"x": 1.0,
				"y": 1.0,
				"z": 1.0
			}
		},
		{
			"children": [],
			"components": {
				"ParticleSystem": {
					"emitters": [
						{
							"color": {
								"w": 1.0,
								"x": 0.0,
								"y": 1.0,
								"z": 0.0
							},
							"cone_angle": 0.5,
							"lifetime_range": {
								"x": 2.0,
								"y": 4.0
							},
							"position": {
								"x": 0.0,
								"y": 0.0,
								"z": 0.0
							},
							"spawn_rate": 0.10000000149011612,
							"velocity": {
								"x": 0.0,
								"y": -1.0,
								"z": 10.0
							}
						}
					],
					"enabled": true,
					"gravity": {
						"x": 0.0,
						"y": 0.0,
						"z": -9.8100004196167
					},
					"guid": "17bdb7ea-dd8e-0e4a-8b81-7d908f2820f4",
					"max_particles": 1000
				}
			},
			"guid": "bd4986bb-90e5-f546-9cac-078a593d08d4",
			"hide_in_inspector": false,
			"name": "Particles",
			"parent": "null",
			"position": {
				"x": 0.0,
				"y": 0.0,
				"z": 0.0
			},
			"rotation": {
				"w": 1.0,
				"x": 0.0,
				"y": 0.0,
				"z": 0.0
			},
			"scale": {
				"x": 1.0,
				"y": 1.0,
				"z": 1.0
			}
		}
	],
	"skybox": {
		"mesh": "null",
		"orientation": {
			"w": 0.7071067690849304,
			"x": 0.7071067690849304,
			"y": 0.0,
			"z": 0.0
		},
		"shader": "6188cab9-269a-a942-9fd6-9709698c9db0",
		"texture": "2f97c12e-65bf-0d4a-bcde-69a9d9b07786"
	}
}